#,target,auid,jd,mag,uncertainty,fainterthan,band,type,observer,airmass,transformed
1,BH CRU,000-BCV-591,2458157.0569,13.83,0.04,False,Johnson B,CCD,DSI,,True
2,BH CRU,000-BCV-591,2458157.0569,9.38,0.02,False,Johnson V,CCD,DSI,,True
3,BH CRU,000-BCV-591,2458192.9522,9.269,0.041,False,Johnson V,DSLR,BIW,1.903,True
4,BH CRU,000-BCV-591,2458192.9522,13.624,0.052,False,Johnson B,DSLR,BIW,1.903,True
5,BH CRU,000-BCV-591,2458206.9680,9.119,0.041,False,Johnson V,DSLR,BIW,1.508,True
6,BH CRU,000-BCV-591,2458206.9680,13.699,0.089,False,Johnson B,DSLR,BIW,1.508,True
7,BH CRU,000-BCV-591,2458226.9885,8.771,0.047,False,Johnson V,DSLR,BIW,1.281,True
8,BH CRU,000-BCV-591,2458226.9885,12.824,0.034,False,Johnson B,DSLR,BIW,1.281,True
9,BH CRU,000-BCV-591,2458241.0590,12.69,0.01,False,Johnson B,CCD,DSI,,True
10,BH CRU,000-BCV-591,2458241.0590,8.48,0.01,False,Johnson V,CCD,DSI,,True
11,BH CRU,000-BCV-591,2458252.95,8.255,0.051,False,Johnson V,DSLR,BIW,1.253,True
12,BH CRU,000-BCV-591,2458252.95,12.110,0.034,False,Johnson B,DSLR,BIW,1.253,True
13,BH CRU,000-BCV-591,2458269.93,8.098,0.054,False,Johnson V,DSLR,BIW,1.258,True
14,BH CRU,000-BCV-591,2458269.93,12.013,0.062,False,Johnson B,DSLR,BIW,1.258,True
15,BH CRU,000-BCV-591,2458279.92,8.015,0.046,False,Johnson V,DSLR,BIW,1.266,True
16,BH CRU,000-BCV-591,2458279.92,11.857,0.058,False,Johnson B,DSLR,BIW,1.266,True
17,BH CRU,000-BCV-591,2458288.93,7.896,0.084,False,Johnson V,DSLR,BIW,1.333,True
18,BH CRU,000-BCV-591,2458288.93,11.620,0.058,False,Johnson B,DSLR,BIW,1.333,True
19,BH CRU,000-BCV-591,2458303.91,7.816,0.031,False,Johnson V,DSLR,BIW,1.396,True
20,BH CRU,000-BCV-591,2458303.91,11.639,0.073,False,Johnson B,DSLR,BIW,1.396,True
21,BH CRU,000-BCV-591,2458316.88,7.725,0.042,False,Johnson V,DSLR,BIW,1.408,True
22,BH CRU,000-BCV-591,2458316.88,11.652,0.014,False,Johnson B,DSLR,BIW,1.408,True
23,BH CRU,000-BCV-591,2458331.87,7.667,0.019,False,Johnson V,DSLR,BIW,1.588,True
24,BH CRU,000-BCV-591,2458331.87,11.517,0.034,False,Johnson B,DSLR,BIW,1.588,True
25,BH CRU,000-BCV-591,2458341.88,7.619,0.053,False,Johnson V,DSLR,BIW,1.804,True
26,BH CRU,000-BCV-591,2458341.88,11.267,0.056,False,Johnson B,DSLR,BIW,1.804,True
27,BH CRU,000-BCV-591,2458585.92,8.390,0.018,False,Johnson V,DSLR,BIW,1.568,True
28,BH CRU,000-BCV-591,2458585.92,12.371,0.027,False,Johnson B,DSLR,BIW,1.568,True
29,BH CRU,000-BCV-591,2458608.86,8.756,0.011,False,Johnson V,DSLR,BIW,1.528,True
30,BH CRU,000-BCV-591,2458608.86,13.003,0.064,False,Johnson B,DSLR,BIW,1.528,True
31,BH CRU,000-BCV-591,2458614.86,8.781,0.025,False,Johnson V,DSLR,BIW,1.445,True
32,BH CRU,000-BCV-591,2458614.86,13.554,0.044,False,Johnson B,DSLR,BIW,1.445,True
33,BH CRU,000-BCV-591,2458810.29012,9.332,0.001,False,Johnson V,CCD,YBA,1.978,False
34,BH CRU,000-BCV-591,2458872.32286,8.805,0.001,False,Johnson V,CCD,YBA,1.104,False
35,BH CRU,000-BCV-591,2458961.13102,11.768,0.019,False,Johnson B,CCD,MSD,1.106,True
36,BH CRU,000-BCV-591,2458961.13382,7.680,0.003,False,Johnson V,CCD,MSD,1.107,True
37,BH CRU,000-BCV-591,2458963.92259,11.547,0.016,False,Johnson B,CCD,MSD,1.136,True
38,BH CRU,000-BCV-591,2458971.14556,11.976,0.015,False,Johnson B,CCD,MSD,1.153,True
39,BH CRU,000-BCV-591,2458971.14826,7.742,0.003,False,Johnson V,CCD,MSD,1.157,True
40,BH CRU,000-BCV-591,2458978.08260,12.005,0.017,False,Johnson B,CCD,MSD,1.107,True
41,BH CRU,000-BCV-591,2458978.08534,7.833,0.006,False,Johnson V,CCD,MSD,1.109,True
42,BH CRU,000-BCV-591,2458980.09236,12.103,0.018,False,Johnson B,CCD,MSD,1.116,True
43,BH CRU,000-BCV-591,2458980.09510,7.828,0.006,False,Johnson V,CCD,MSD,1.118,True
44,BH CRU,000-BCV-591,2458983.17354,12.068,0.011,False,Johnson B,CCD,MSD,1.310,True
45,BH CRU,000-BCV-591,2458983.17855,7.851,0.004,False,Johnson V,CCD,MSD,1.327,True
46,BH CRU,000-BCV-591,2458988.04450,12.009,0.015,False,Johnson B,CCD,MSD,1.103,True
47,BH CRU,000-BCV-591,2458988.04939,7.932,0.004,False,Johnson V,CCD,MSD,1.104,True
48,BH CRU,000-BCV-591,2458990.02892,12.081,0.010,False,Johnson B,CCD,MSD,1.101,True
49,BH CRU,000-BCV-591,2458990.03449,8.047,0.007,False,Johnson V,CCD,MSD,1.102,True
50,BH CRU,000-BCV-591,2458995.99743,8.025,0.002,False,Johnson V,CCD,MSD,1.105,True
51,BH CRU,000-BCV-591,2459005.03650,8.102,0.003,False,Johnson V,CCD,MSD,1.242,True
52,BH CRU,000-BCV-591,2459007.99426,8.154,0.003,False,Johnson V,CCD,MSD,1.152,True
53,BH CRU,000-BCV-591,2459018.05309,12.366,0.012,False,Johnson B,CCD,MSD,1.461,True
54,BH CRU,000-BCV-591,2459018.05706,8.242,0.003,False,Johnson V,CCD,MSD,1.480,True
55,BH CRU,000-BCV-591,2459021.09125,12.475,0.013,False,Johnson B,CCD,MSD,1.384,True
56,BH CRU,000-BCV-591,2459021.09628,8.265,0.003,False,Johnson V,CCD,MSD,1.404,True
57,BH CRU,000-BCV-591,2459029.89791,8.351,0.003,False,Johnson V,CCD,MSD,1.091,True
58,BH CRU,000-BCV-591,2459033.06719,12.725,0.019,False,Johnson B,CCD,MSD,1.437,True
59,BH CRU,000-BCV-591,2459033.07207,8.386,0.004,False,Johnson V,CCD,MSD,1.459,True
60,BH CRU,000-BCV-591,2459034.01322,8.713,0.001,False,Johnson V,CCD,KIAB,1.711,False
61,BH CRU,000-BCV-591,2459034.01649,8.716,0.007,False,Johnson V,CCD,KIAB,1.739,False
62,BH CRU,000-BCV-591,2459040.13485,12.764,0.021,False,Johnson B,CCD,MSD,2.183,True
63,BH CRU,000-BCV-591,2459040.14115,8.447,0.004,False,Johnson V,CCD,MSD,2.266,True
64,BH CRU,000-BCV-591,2459042.11532,12.760,0.017,False,Johnson B,CCD,MSD,2.014,True
65,BH CRU,000-BCV-591,2459042.12021,8.449,0.004,False,Johnson V,CCD,MSD,2.066,True
66,BH CRU,000-BCV-591,2459051.08462,12.938,0.019,False,Johnson B,CCD,MSD,1.938,True
67,BH CRU,000-BCV-591,2459051.08965,8.556,0.004,False,Johnson V,CCD,MSD,1.988,True
68,BH CRU,000-BCV-591,2459053.98837,8.439,0.056,False,Johnson V,CCD,KIAB,2.006,False
69,BH CRU,000-BCV-591,2459053.99250,8.471,0.042,False,Johnson V,CCD,KIAB,2.056,False
70,BH CRU,000-BCV-591,2459055.03221,13.032,0.018,False,Johnson B,CCD,MSD,1.579,True
71,BH CRU,000-BCV-591,2459055.03708,8.585,0.004,False,Johnson V,CCD,MSD,1.608,True
72,BH CRU,000-BCV-591,2459060.01480,13.111,0.023,False,Johnson B,CCD,MSD,1.554,True
73,BH CRU,000-BCV-591,2459060.01969,8.639,0.004,False,Johnson V,CCD,MSD,1.582,True
74,BH CRU,000-BCV-591,2459060.89087,13.153,0.024,False,Johnson B,CCD,MSD,1.270,True
75,BH CRU,000-BCV-591,2459060.89481,8.680,0.003,False,Johnson V,CCD,MSD,1.282,True
76,BH CRU,000-BCV-591,2459061.98333,13.239,0.024,False,Johnson B,CCD,MSD,1.409,True
77,BH CRU,000-BCV-591,2459061.98822,8.665,0.004,False,Johnson V,CCD,MSD,1.430,True
78,BH CRU,000-BCV-591,2459088.98591,8.925,0.019,False,Johnson V,CCD,KIAB,1.990,False
79,BH CRU,000-BCV-591,2459088.98632,8.899,0.004,False,Johnson V,CCD,KIAB,1.995,False
80,BH CRU,000-BCV-591,2459088.98683,8.943,0.022,False,Johnson V,CCD,KIAB,2.001,False
81,BH CRU,000-BCV-591,2459088.98735,8.932,0.009,False,Johnson V,CCD,KIAB,2.006,False
82,BH CRU,000-BCV-591,2459088.98771,8.912,0.006,False,Johnson V,CCD,KIAB,2.010,False
83,BH CRU,000-BCV-591,2459088.99698,8.917,0.003,False,Johnson V,CCD,KIAB,2.126,False
84,BH CRU,000-BCV-591,2459088.99729,8.903,0.015,False,Johnson V,CCD,KIAB,2.131,False
85,BH CRU,000-BCV-591,2459088.99765,8.921,0.013,False,Johnson V,CCD,KIAB,2.136,False
86,BH CRU,000-BCV-591,2459088.99813,8.910,0.004,False,Johnson V,CCD,KIAB,2.143,False
87,BH CRU,000-BCV-591,2459088.99853,8.904,0.004,False,Johnson V,CCD,KIAB,2.148,False
88,BH CRU,000-BCV-591,2459186.32352,15.202,0.080,False,Johnson B,CCD,MSD,1.476,True
89,BH CRU,000-BCV-591,2459186.32630,9.734,0.005,False,Johnson V,CCD,MSD,1.462,True
90,BH CRU,000-BCV-591,2459191.31440,15.245,0.044,False,Johnson B,CCD,MSD,1.450,True
91,BH CRU,000-BCV-591,2459191.32666,9.778,0.005,False,Johnson V,CCD,MSD,1.393,True
92,BH Cru,000-BCV-591,2459198.32566,9.718,0.004,False,Johnson V,CCD,MSD,1.317,True
93,BH CRU,000-BCV-591,2459201.33426,9.671,0.004,False,Johnson V,CCD,MSD,1.261,True
94,BH CRU,000-BCV-591,2459204.32291,14.957,0.024,False,Johnson B,CCD,MSD,1.267,True
95,BH CRU,000-BCV-591,2459204.33536,9.624,0.004,False,Johnson V,CCD,MSD,1.232,True
96,BH CRU,000-BCV-591,2459204.33536,9.638,0.004,False,Johnson V,CCD,MSD,1.232,True
97,BH CRU,000-BCV-591,2459219.34188,9.514,0.004,False,Johnson V,CCD,MSD,1.136,True
98,BH CRU,000-BCV-591,2459220.33049,14.908,0.009,False,Johnson B,CCD,MSD,1.149,True
99,BH CRU,000-BCV-591,2459220.34285,9.497,0.004,False,Johnson V,CCD,MSD,1.131,True
100,BH CRU,000-BCV-591,2459227.34800,9.426,0.004,False,Johnson V,CCD,MSD,1.108,True
101,BH CRU,000-BCV-591,2459230.35086,9.413,0.004,False,Johnson V,CCD,MSD,1.102,True
102,BH CRU,000-BCV-591,2459240.34765,9.200,0.004,False,Johnson V,CCD,MSD,1.100,True
103,BH CRU,000-BCV-591,2459241.01301,9.315,0.008,False,Johnson V,CCD,MSD,1.866,False
104,BH CRU,000-BCV-591,2459252.1896,13.05,0.05,False,Johnson B,CCD,DSI,,True
105,BH CRU,000-BCV-591,2459252.1896,8.93,0.03,False,Johnson V,CCD,DSI,,True
106,BH CRU,000-BCV-591,2459259.14807,8.972,0.005,False,Johnson V,CCD,MSD,1.085,False
107,BH CRU,000-BCV-591,2459288.24674,13.251,0.008,False,Johnson B,CCD,MSD,1.116,True
108,BH CRU,000-BCV-591,2459288.25831,8.687,0.003,False,Johnson V,CCD,MSD,1.125,False
109,BH CRU,000-BCV-591,2459291.21480,13.224,0.003,False,Johnson B,CCD,MSD,1.102,True
110,BH CRU,000-BCV-591,2459291.22659,8.628,0.004,False,Johnson V,CCD,MSD,1.106,True
111,BH CRU,000-BCV-591,2459293.20954,13.205,0.004,False,Johnson B,CCD,MSD,1.102,True
112,BH CRU,000-BCV-591,2459293.22113,8.622,0.006,False,Johnson V,CCD,MSD,1.106,True
113,BH CRU,000-BCV-591,2459300.19003,13.150,0.003,False,Johnson B,CCD,MSD,1.102,True
114,BH CRU,000-BCV-591,2459300.20162,8.592,0.003,False,Johnson V,CCD,MSD,1.105,True
115,BH CRU,000-BCV-591,2459302.18744,13.127,0.004,False,Johnson B,CCD,MSD,1.103,True
116,BH CRU,000-BCV-591,2459302.19910,8.600,0.001,False,Johnson V,CCD,MSD,1.107,True
117,BH CRU,000-BCV-591,2459304.16866,13.105,0.003,False,Johnson B,CCD,MSD,1.100,True
118,BH CRU,000-BCV-591,2459304.18050,8.564,0.002,False,Johnson V,CCD,MSD,1.101,True
119,BH CRU,000-BCV-591,2459306.9319,12.44,0.01,False,Johnson B,CCD,DSI,,True
120,BH CRU,000-BCV-591,2459306.9319,8.40,0.01,False,Johnson V,CCD,DSI,,True
121,BH CRU,000-BCV-591,2459307.07421,13.365,0.003,False,Johnson B,CCD,MSD,1.185,True
122,BH CRU,000-BCV-591,2459309.16545,12.809,0.007,False,Johnson B,CCD,MSD,1.102,True
123,BH CRU,000-BCV-591,2459309.17743,8.453,0.014,False,Johnson V,CCD,MSD,1.106,True
124,BH CRU,000-BCV-591,2459313.16516,12.757,0.008,False,Johnson B,CCD,MSD,1.107,True
125,BH CRU,000-BCV-591,2459313.17691,8.415,0.003,False,Johnson V,CCD,MSD,1.112,True
126,BH CRU,000-BCV-591,2459318.15221,12.690,0.005,False,Johnson B,CCD,MSD,1.107,True
127,BH CRU,000-BCV-591,2459318.16395,8.393,0.004,False,Johnson V,CCD,MSD,1.113,True
128,BH CRU,000-BCV-591,2459321.11506,12.833,0.003,False,Johnson B,CCD,MSD,1.101,True
129,BH CRU,000-BCV-591,2459321.12675,8.466,0.008,False,Johnson V,CCD,MSD,1.100,True
130,BH CRU,000-BCV-591,2459322.08766,12.816,0.005,False,Johnson B,CCD,MSD,1.110,True
131,BH CRU,000-BCV-591,2459322.09929,8.403,0.008,False,Johnson V,CCD,MSD,1.103,True
132,BH CRU,000-BCV-591,2459325.06064,12.741,0.011,False,Johnson B,CCD,MSD,1.128,True
133,BH CRU,000-BCV-591,2459325.07226,8.356,0.003,False,Johnson V,CCD,MSD,1.116,True
134,BH CRU,000-BCV-591,2459330.06856,12.658,0.012,False,Johnson B,CCD,MSD,1.109,True
135,BH CRU,000-BCV-591,2459330.08019,8.326,0.004,False,Johnson V,CCD,MSD,1.102,True
136,BH CRU,000-BCV-591,2459332.07910,12.640,0.008,False,Johnson B,CCD,MSD,1.102,True
137,BH CRU,000-BCV-591,2459332.09072,8.316,0.004,False,Johnson V,CCD,MSD,1.099,True
138,BH CRU,000-BCV-591,2459335.29472,12.521,0.043,False,Johnson B,CCD,MSD,1.833,True
139,BH CRU,000-BCV-591,2459355.24907,12.123,0.015,False,Johnson B,CCD,MSD,1.924,True
140,BH CRU,000-BCV-591,2459355.26068,8.053,0.004,False,Johnson V,CCD,MSD,2.037,True
141,BH CRU,000-BCV-591,2459367.21676,11.727,0.008,False,Johnson B,CCD,MSD,1.927,True
142,BH CRU,000-BCV-591,2459367.22846,7.894,0.007,False,Johnson V,CCD,MSD,2.041,True
143,BH CRU,000-BCV-591,2459391.03561,11.031,0.002,False,Johnson B,CCD,MSD,1.241,True
144,BH CRU,000-BCV-591,2459392.05663,10.995,0.006,False,Johnson B,CCD,MSD,1.320,True
145,BH CRU,000-BCV-591,2459392.06818,7.537,0.007,False,Johnson V,CCD,MSD,1.359,True
146,BH CRU,000-BCV-591,2459398.496887,7.452,0.002,False,Johnson V,CCD,SEPA,1.490,False
147,BH CRU,000-BCV-591,2459414.476146,7.289,0.001,False,Johnson V,CCD,SEPA,1.669,False
148,BH CRU,000-BCV-591,2459417.07480,7.362,0.005,False,Johnson V,CCD,MSD,1.853,True
149,BH CRU,000-BCV-591,2459436.93345,10.198,0.004,False,Johnson B,CCD,PJAD,1.604,False
150,BH CRU,000-BCV-591,2459436.93428,7.287,0.001,False,Johnson V,CCD,PJAD,1.609,False
151,BH CRU,000-BCV-591,2459546.33382,11.391,0.006,False,Johnson B,CCD,MSD,1.501,True
152,BH CRU,000-BCV-591,2459550.31593,11.487,0.002,False,Johnson B,CCD,MSD,1.544,True
153,BH CRU,000-BCV-591,2459550.32512,8.339,0.007,False,Johnson V,CCD,MSD,1.493,True
154,BH CRU,000-BCV-591,2459552.28247,11.515,0.003,False,Johnson B,CCD,MSD,1.752,True
155,BH CRU,000-BCV-591,2459552.29162,8.356,0.012,False,Johnson V,CCD,MSD,1.681,True
156,BH CRU,000-BCV-591,2459561.31326,11.632,0.006,False,Johnson B,CCD,MSD,1.396,True
157,BH CRU,000-BCV-591,2459561.32243,8.509,0.008,False,Johnson V,CCD,MSD,1.357,True
158,BH CRU,000-BCV-591,2459564.24706,11.679,0.003,False,Johnson B,CCD,MSD,1.776,True
159,BH CRU,000-BCV-591,2459564.25625,8.495,0.003,False,Johnson V,CCD,MSD,1.702,True
160,BH CRU,000-BCV-591,2459568.23501,11.765,0.006,False,Johnson B,CCD,MSD,1.786,True
161,BH CRU,000-BCV-591,2459568.24417,8.561,0.003,False,Johnson V,CCD,MSD,1.712,True
162,BH CRU,000-BCV-591,2459589.25597,12.334,0.004,False,Johnson B,CCD,MSD,1.317,True
163,BH CRU,000-BCV-591,2459589.26516,8.850,0.003,False,Johnson V,CCD,MSD,1.287,True
164,BH CRU,000-BCV-591,2459591.32957,12.509,0.004,False,Johnson B,CCD,MSD,1.132,True
165,BH CRU,000-BCV-591,2459591.33890,8.884,0.003,False,Johnson V,CCD,MSD,1.125,True
166,BH CRU,000-BCV-591,2459594.33977,12.484,0.004,False,Johnson B,CCD,MSD,1.114,True
167,BH CRU,000-BCV-591,2459594.34895,8.901,0.004,False,Johnson V,CCD,MSD,1.108,True
168,BH CRU,000-BCV-591,2459596.30535,12.654,0.005,False,Johnson B,CCD,MSD,1.147,True
169,BH CRU,000-BCV-591,2459596.31461,8.944,0.004,False,Johnson V,CCD,MSD,1.138,True
170,BH CRU,000-BCV-591,2459600.19238,12.637,0.005,False,Johnson B,CCD,MSD,1.471,True
171,BH CRU,000-BCV-591,2459600.20159,8.996,0.004,False,Johnson V,CCD,MSD,1.427,True
172,BH CRU,000-BCV-591,2459604.26110,12.794,0.005,False,Johnson B,CCD,MSD,1.190,True
173,BH CRU,000-BCV-591,2459604.27031,9.031,0.004,False,Johnson V,CCD,MSD,1.173,True
174,BH CRU,000-BCV-591,2459606.16541,12.838,0.005,False,Johnson B,CCD,MSD,1.531,True
175,BH CRU,000-BCV-591,2459606.17459,9.098,0.004,False,Johnson V,CCD,MSD,1.481,True
176,BH CRU,000-BCV-591,2459608.16162,12.913,0.005,False,Johnson B,CCD,MSD,1.521,True
177,BH CRU,000-BCV-591,2459608.17082,9.132,0.004,False,Johnson V,CCD,MSD,1.472,True
178,BH CRU,000-BCV-591,2459610.20484,12.976,0.005,False,Johnson B,CCD,MSD,1.297,True
179,BH CRU,000-BCV-591,2459610.21404,9.138,0.004,False,Johnson V,CCD,MSD,1.269,True
180,BH CRU,000-BCV-591,2459614.34315,13.136,0.006,False,Johnson B,CCD,MSD,1.102,True
181,BH CRU,000-BCV-591,2459614.35416,9.187,0.004,False,Johnson V,CCD,MSD,1.102,True
182,BH CRU,000-BCV-591,2459616.14594,13.172,0.006,False,Johnson B,CCD,MSD,1.486,True
183,BH CRU,000-BCV-591,2459616.15514,9.222,0.004,False,Johnson V,CCD,MSD,1.440,True
184,BH CRU,000-BCV-591,2459621.33531,13.375,0.007,False,Johnson B,CCD,MSD,1.118,True
185,BH CRU,000-BCV-591,2459621.34448,9.290,0.005,False,Johnson V,CCD,MSD,1.125,True
186,BH CRU,000-BCV-591,2459623.35442,9.286,0.005,False,Johnson V,CCD,MSD,1.139,True
187,BH CRU,000-BCV-591,2459626.12970,13.519,0.008,False,Johnson B,CCD,MSD,1.430,True
188,BH CRU,000-BCV-591,2459626.13888,9.320,0.004,False,Johnson V,CCD,MSD,1.390,True
189,BH CRU,000-BCV-591,2459629.17376,13.616,0.007,False,Johnson B,CCD,MSD,1.234,True
190,BH CRU,000-BCV-591,2459629.18299,9.390,0.004,False,Johnson V,CCD,MSD,1.212,True
191,BH CRU,000-BCV-591,2459632.16431,13.721,0.008,False,Johnson B,CCD,MSD,1.238,True
192,BH CRU,000-BCV-591,2459632.17350,9.425,0.005,False,Johnson V,CCD,MSD,1.216,True
193,BH CRU,000-BCV-591,2459637.11612,13.856,0.008,False,Johnson B,CCD,MSD,1.354,True
194,BH CRU,000-BCV-591,2459637.12532,9.493,0.005,False,Johnson V,CCD,MSD,1.320,True
195,BH CRU,000-BCV-591,2459642.12218,13.993,0.009,False,Johnson B,CCD,MSD,1.284,True
196,BH CRU,000-BCV-591,2459642.13137,9.553,0.005,False,Johnson V,CCD,MSD,1.257,True
197,BH CRU,000-BCV-591,2459644.18573,14.055,0.009,False,Johnson B,CCD,MSD,1.133,True
198,BH CRU,000-BCV-591,2459644.19492,9.588,0.005,False,Johnson V,CCD,MSD,1.123,True
199,BH CRU,000-BCV-591,2459646.18580,14.094,0.010,False,Johnson B,CCD,MSD,1.136,True
200,BH CRU,000-BCV-591,2459646.19499,9.602,0.005,False,Johnson V,CCD,MSD,1.128,True
201,BH CRU,000-BCV-591,2459654.95935,9.588,0.010,False,Johnson V,CCD,PJAD,1.388,False
202,BH CRU,000-BCV-591,2459658.96722,9.630,0.006,False,Johnson V,CCD,PJAD,1.309,False
203,BH CRU,000-BCV-591,2459660.20674,9.613,0.006,False,Johnson V,CCD,PJAD,1.142,False
204,BH CRU,000-BCV-591,2459660.35358,14.281,0.013,False,Johnson B,CCD,MSD,1.458,True
205,BH CRU,000-BCV-591,2459660.36280,9.674,0.005,False,Johnson V,CCD,MSD,1.503,True
206,BH CRU,000-BCV-591,2459661.27281,9.633,0.006,False,Johnson V,CCD,PJAD,1.350,False
207,BH CRU,000-BCV-591,2459661.94990,9.630,0.006,False,Johnson V,CCD,PJAD,1.345,False
208,BH CRU,000-BCV-591,2459662.11948,14.280,0.011,False,Johnson B,CCD,MSD,1.152,True
209,BH CRU,000-BCV-591,2459662.12905,9.673,0.005,False,Johnson V,CCD,MSD,1.139,True
210,BH CRU,000-BCV-591,2459663.07106,9.613,0.008,False,Johnson V,CCD,PJAD,1.069,False
211,BH CRU,000-BCV-591,2459663.97244,9.609,0.005,False,Johnson V,CCD,PJAD,1.243,False
212,BH CRU,000-BCV-591,2459664.94876,9.625,0.007,False,Johnson V,CCD,PJAD,1.317,False
213,BH CRU,000-BCV-591,2459665.94613,9.616,0.006,False,Johnson V,CCD,PJAD,1.317,False
214,BH CRU,000-BCV-591,2459667.95594,9.660,0.010,False,Johnson V,CCD,PJAD,1.261,False
215,BH CRU,000-BCV-591,2459673.91715,9.634,0.006,False,Johnson V,CCD,PJAD,1.345,False
216,BH CRU,000-BCV-591,2459675.12024,14.267,0.016,False,Johnson B,CCD,MSD,1.111,True
217,BH CRU,000-BCV-591,2459675.12942,9.684,0.006,False,Johnson V,CCD,MSD,1.105,True
218,BH CRU,000-BCV-591,2459676.91150,9.567,0.020,False,Johnson V,CCD,PJAD,1.335,False
219,BH CRU,000-BCV-591,2459682.06132,9.615,0.005,False,Johnson V,CCD,PJAD,1.057,False
220,BH CRU,000-BCV-591,2459682.30049,14.235,0.011,False,Johnson B,CCD,MSD,1.497,True
221,BH CRU,000-BCV-591,2459682.30968,9.661,0.005,False,Johnson V,CCD,MSD,1.545,True
222,BH CRU,000-BCV-591,2459682.90067,9.622,0.005,False,Johnson V,CCD,PJAD,1.313,False
223,BH CRU,000-BCV-591,2459684.10155,14.193,0.013,False,Johnson B,CCD,MSD,1.107,True
224,BH CRU,000-BCV-591,2459684.11073,9.652,0.005,False,Johnson V,CCD,MSD,1.102,True
225,BH CRU,000-BCV-591,2459685.90847,9.588,0.005,False,Johnson V,CCD,PJAD,1.255,False
226,BH CRU,000-BCV-591,2459687.08241,14.126,0.018,False,Johnson B,CCD,MSD,1.115,True
227,BH CRU,000-BCV-591,2459687.09160,9.629,0.005,False,Johnson V,CCD,MSD,1.108,True
228,BH CRU,000-BCV-591,2459690.14544,14.162,0.012,False,Johnson B,CCD,MSD,1.114,True
229,BH CRU,000-BCV-591,2459690.15461,9.551,0.005,False,Johnson V,CCD,MSD,1.121,True
230,BH CRU,000-BCV-591,2459691.96361,9.549,0.005,False,Johnson V,CCD,PJAD,1.097,False
231,BH CRU,000-BCV-591,2459692.89225,9.545,0.005,False,Johnson V,CCD,PJAD,1.246,False
232,BH CRU,000-BCV-591,2459705.26900,13.917,0.010,False,Johnson B,CCD,MSD,1.715,True
233,BH CRU,000-BCV-591,2459705.27816,9.437,0.005,False,Johnson V,CCD,MSD,1.783,True
234,BH CRU,000-BCV-591,2459716.03531,13.682,0.011,False,Johnson B,CCD,MSD,1.100,True
235,BH CRU,000-BCV-591,2459716.04448,9.274,0.005,False,Johnson V,CCD,MSD,1.100,True
236,BH CRU,000-BCV-591,2459719.96135,9.174,0.005,False,Johnson V,CCD,PJAD,1.058,False
237,BH CRU,000-BCV-591,2459720.87653,9.161,0.004,False,Johnson V,CCD,PJAD,1.108,False
238,BH CRU,000-BCV-591,2459722.87429,13.433,0.050,False,Johnson B,CCD,PJAD,1.103,False
239,BH CRU,000-BCV-591,2459722.87513,9.114,0.004,False,Johnson V,CCD,PJAD,1.102,False
240,BH CRU,000-BCV-591,2459726.96741,9.123,0.008,False,Johnson V,CCD,PJAD,1.069,False
241,BH CRU,000-BCV-591,2459731.87236,13.164,0.040,False,Johnson B,CCD,PJAD,1.077,False
242,BH CRU,000-BCV-591,2459731.87321,8.930,0.003,False,Johnson V,CCD,PJAD,1.077,False
243,BH CRU,000-BCV-591,2459732.2390,8.764,0.009,False,Johnson V,DSLR,BLD,,True
244,BH CRU,000-BCV-591,2459760.1959,8.235,0.007,False,Johnson V,DSLR,BLD,,True
245,BH CRU,000-BCV-591,2459760.1959,12.083,0.037,False,Johnson B,DSLR,BLD,,True
246,BH CRU,000-BCV-591,2459760.3109,8.239,0.008,False,Johnson V,DSLR,BLD,,True
247,BH CRU,000-BCV-591,2459760.3109,11.989,0.036,False,Johnson B,DSLR,BLD,,True
248,BH CRU,000-BCV-591,2459762.91753,12.345,0.022,False,Johnson B,CCD,PJAD,1.128,False
249,BH CRU,000-BCV-591,2459762.91833,8.390,0.003,False,Johnson V,CCD,PJAD,1.129,False
250,BH CRU,000-BCV-591,2459764.2874,8.210,0.011,False,Johnson V,DSLR,BLD,,True
251,BH CRU,000-BCV-591,2459764.2874,11.979,0.032,False,Johnson B,DSLR,BLD,,True
252,BH CRU,000-BCV-591,2459765.88515,8.352,0.006,False,Johnson V,CCD,PJAD,1.092,False
253,BH CRU,000-BCV-591,2459766.97277,12.240,0.024,False,Johnson B,CCD,PJAD,1.308,False
254,BH CRU,000-BCV-591,2459766.97356,8.361,0.003,False,Johnson V,CCD,PJAD,1.311,False
255,BH CRU,000-BCV-591,2459770.89925,8.412,0.008,False,Johnson V,CCD,PJAD,1.134,False
256,BH CRU,000-BCV-591,2459797.2061,7.991,0.011,False,Johnson V,DSLR,BLD,,True
257,BH CRU,000-BCV-591,2459797.2061,11.485,0.025,False,Johnson B,DSLR,BLD,,False
258,BH CRU,000-BCV-591,2459802.2011,7.969,0.009,False,Johnson V,DSLR,BLD,,True
259,BH CRU,000-BCV-591,2459802.2011,11.661,0.004,False,Johnson B,DSLR,BLD,,True
260,BH CRU,000-BCV-591,2459829.91293,11.412,0.019,False,Johnson B,CCD,PJAD,2.115,False
261,BH CRU,000-BCV-591,2459829.91373,8.056,0.004,False,Johnson V,CCD,PJAD,2.124,False
262,BH CRU,000-BCV-591,2459835.91705,11.025,0.052,False,Johnson B,CCD,PJAD,2.397,False
263,BH CRU,000-BCV-591,2459835.91788,7.477,0.008,False,Johnson V,CCD,PJAD,2.410,False
264,BH CRU,000-BCV-591,2460065.07709,12.138,0.005,False,Johnson B,CCD,YBA,1.097,False
265,BH CRU,000-BCV-591,2460065.07755,8.633,0.002,False,Johnson V,CCD,YBA,1.097,False
266,BH CRU,000-BCV-591,2460078.08402,12.481,0.010,False,Johnson B,CCD,YBA,1.112,False
267,BH CRU,000-BCV-591,2460078.08450,8.735,0.002,False,Johnson V,CCD,YBA,1.112,False
268,BH CRU,000-BCV-591,2460085.22916,12.721,0.008,False,Johnson B,CCD,YBA,1.716,False
269,BH CRU,000-BCV-591,2460085.22972,8.886,0.001,False,Johnson V,CCD,YBA,1.721,False
270,BH CRU,000-BCV-591,2460091.01435,12.924,0.006,False,Johnson B,CCD,YBA,1.096,False
271,BH CRU,000-BCV-591,2460091.01499,8.966,0.001,False,Johnson V,CCD,YBA,1.097,False
272,BH CRU,000-BCV-591,2460097.16803,13.100,0.015,False,Johnson B,CCD,YBA,1.514,False
273,BH CRU,000-BCV-591,2460097.16863,8.990,0.002,False,Johnson V,CCD,YBA,1.519,False
274,BH CRU,000-BCV-591,2460127.08328,13.977,0.037,False,Johnson B,CCD,YBA,1.498,False
275,BH CRU,000-BCV-591,2460127.08385,9.743,0.003,False,Johnson V,CCD,YBA,1.502,False
276,BH CRU,000-BCV-591,2460139.98306,14.343,0.019,False,Johnson B,CCD,YBA,1.231,False
277,BH CRU,000-BCV-591,2460148.99334,14.352,0.021,False,Johnson B,CCD,YBA,1.350,False
278,BH CRU,000-BCV-591,2460148.99397,9.438,0.002,False,Johnson V,CCD,YBA,1.353,False
279,BH CRU,000-BCV-591,2460151.96964,14.797,0.026,False,Johnson B,CCD,MSD,1.591,True
280,BH CRU,000-BCV-591,2460151.97464,9.479,0.007,False,Johnson V,CCD,MSD,1.616,True
281,BH CRU,000-BCV-591,2460177.99019,14.521,0.034,False,Johnson B,CCD,YBA,1.851,False
282,BH CRU,000-BCV-591,2460177.99080,9.430,0.002,False,Johnson V,CCD,YBA,1.859,False
283,BH CRU,000-BCV-591,2460264.31795,13.082,0.008,False,Johnson B,CCD,YBA,1.877,False
284,BH CRU,000-BCV-591,2460264.31844,9.037,0.001,False,Johnson V,CCD,YBA,1.871,False
285,BH CRU,000-BCV-591,2460266.32535,13.138,0.009,False,Johnson B,CCD,MSD,1.774,True
286,BH CRU,000-BCV-591,2460266.33450,8.681,0.004,False,Johnson V,CCD,MSD,1.701,True
287,BH CRU,000-BCV-591,2460278.30920,12.777,0.010,False,Johnson B,CCD,MSD,1.638,True
288,BH CRU,000-BCV-591,2460278.31838,8.540,0.004,False,Johnson V,CCD,MSD,1.578,True
289,BH CRU,000-BCV-591,2460285.23573,12.565,0.006,False,Johnson B,CCD,YBA,2.175,False
290,BH CRU,000-BCV-591,2460285.23634,8.453,0.001,False,Johnson V,CCD,YBA,2.165,False
291,BH CRU,000-BCV-591,2460285.31438,12.648,0.008,False,Johnson B,CCD,MSD,1.481,True
292,BH CRU,000-BCV-591,2460285.32397,8.430,0.004,False,Johnson V,CCD,MSD,1.433,True
293,BH CRU,000-BCV-591,2460287.26841,12.606,0.008,False,Johnson B,CCD,MSD,1.770,True
294,BH CRU,000-BCV-591,2460287.27766,8.435,0.004,False,Johnson V,CCD,MSD,1.697,True
295,BH CRU,000-BCV-591,2460289.26876,12.585,0.007,False,Johnson B,CCD,MSD,1.720,True
296,BH CRU,000-BCV-591,2460289.27799,8.409,0.004,False,Johnson V,CCD,MSD,1.652,True
297,BH CRU,000-BCV-591,2460315.19219,12.580,0.007,False,Johnson B,CCD,MSD,1.768,True
298,BH CRU,000-BCV-591,2460315.20139,8.431,0.004,False,Johnson V,CCD,MSD,1.695,True
299,BH CRU,000-BCV-591,2460317.18438,12.575,0.008,False,Johnson B,CCD,MSD,1.789,True
300,BH CRU,000-BCV-591,2460317.19355,8.417,0.004,False,Johnson V,CCD,MSD,1.715,True
301,BH CRU,000-BCV-591,2460320.28391,12.603,0.011,False,Johnson B,CCD,MSD,1.223,True
302,BH CRU,000-BCV-591,2460320.29309,8.394,0.004,False,Johnson V,CCD,MSD,1.202,True
303,BH CRU,000-BCV-591,2460336.31773,12.401,0.007,False,Johnson B,CCD,MSD,1.106,True
304,BH CRU,000-BCV-591,2460336.32691,8.313,0.003,False,Johnson V,CCD,MSD,1.102,True
305,BH CRU,000-BCV-591,2460339.29384,12.343,0.007,False,Johnson B,CCD,MSD,1.118,True
306,BH CRU,000-BCV-591,2460339.30302,8.287,0.003,False,Johnson V,CCD,MSD,1.110,True
307,BH CRU,000-BCV-591,2460341.18744,12.280,0.007,False,Johnson B,CCD,MSD,1.355,True
308,BH CRU,000-BCV-591,2460341.19663,8.275,0.004,False,Johnson V,CCD,MSD,1.321,True
309,BH CRU,000-BCV-591,2460348.25225,12.092,0.006,False,Johnson B,CCD,MSD,1.136,True
310,BH CRU,000-BCV-591,2460348.26144,8.177,0.003,False,Johnson V,CCD,MSD,1.126,True
311,BH CRU,000-BCV-591,2460381.17252,11.007,0.005,False,Johnson B,CCD,MSD,1.124,True
312,BH CRU,000-BCV-591,2460381.18172,7.658,0.003,False,Johnson V,CCD,MSD,1.115,True
313,BH CRU,000-BCV-591,2460403.12814,10.551,0.005,False,Johnson B,CCD,MSD,1.111,True
314,BH CRU,000-BCV-591,2460403.13734,7.394,0.003,False,Johnson V,CCD,MSD,1.105,True
315,BH CRU,000-BCV-591,2460412.27213,10.415,0.006,False,Johnson B,CCD,MSD,1.352,True
316,BH CRU,000-BCV-591,2460412.28131,7.336,0.002,False,Johnson V,CCD,MSD,1.386,True
317,BH CRU,000-BCV-591,2460414.12909,10.402,0.005,False,Johnson B,CCD,MSD,1.101,True
318,BH CRU,000-BCV-591,2460414.13869,7.330,0.002,False,Johnson V,CCD,MSD,1.101,True
319,BH CRU,000-BCV-591,2460416.12729,10.379,0.006,False,Johnson B,CCD,MSD,1.101,True
320,BH CRU,000-BCV-591,2460416.13690,7.330,0.002,False,Johnson V,CCD,MSD,1.102,True
321,BH CRU,000-BCV-591,2460419.24994,10.340,0.008,False,Johnson B,CCD,MSD,1.339,True
322,BH CRU,000-BCV-591,2460419.25932,7.319,0.002,False,Johnson V,CCD,MSD,1.374,True
323,BH CRU,000-BCV-591,2460442.05611,10.344,0.006,False,Johnson B,CCD,MSD,1.101,True
324,BH CRU,000-BCV-591,2460442.06556,7.376,0.002,False,Johnson V,CCD,MSD,1.102,True
325,BH CRU,000-BCV-591,2460448.20451,10.348,0.006,False,Johnson B,CCD,MSD,1.504,True
326,BH CRU,000-BCV-591,2460448.21370,7.407,0.002,False,Johnson V,CCD,MSD,1.553,True
327,BH CRU,000-BCV-591,2460495.09594,10.639,0.006,False,Johnson B,CCD,MSD,1.635,True
328,BH CRU,000-BCV-591,2460495.10532,7.688,0.002,False,Johnson V,CCD,MSD,1.698,True
329,BH CRU,000-BCV-591,2460631.33405,9.349,0.005,False,Johnson V,CCD,MSD,1.708,True
330,BH CRU,000-BCV-591,2460637.31991,9.393,0.005,False,Johnson V,CCD,MSD,1.690,True
331,BH CRU,000-BCV-591,2460664.19302,9.662,0.012,False,Johnson V,CCD,PJAD,1.404,False
332,BH CRU,000-BCV-591,2460665.28826,9.619,0.005,False,Johnson V,CCD,MSD,1.411,True
333,BH CRU,000-BCV-591,2460671.29060,9.594,0.006,False,Johnson V,CCD,MSD,1.329,True
334,BH CRU,000-BCV-591,2460673.16837,9.680,0.017,False,Johnson V,CCD,PJAD,1.404,False
335,BH CRU,000-BCV-591,2460673.24145,14.641,0.018,False,Johnson B,CCD,MSD,1.546,True
336,BH CRU,000-BCV-591,2460673.25080,9.657,0.008,False,Johnson V,CCD,MSD,1.493,True
337,BH CRU,000-BCV-591,2460674.16962,9.693,0.012,False,Johnson V,CCD,PJAD,1.385,False
338,BH CRU,000-BCV-591,2460675.25400,14.662,0.016,False,Johnson B,CCD,MSD,1.442,True
339,BH CRU,000-BCV-591,2460675.26334,9.636,0.005,False,Johnson V,CCD,MSD,1.399,True
340,BH CRU,000-BCV-591,2460679.15547,9.671,0.006,False,Johnson V,CCD,PJAD,1.387,False
341,BH CRU,000-BCV-591,2460680.24451,9.707,0.008,False,Johnson V,CCD,MSD,1.424,False
342,BH CRU,000-BCV-591,2460684.27856,9.736,0.006,False,Johnson V,CCD,MSD,1.249,False
343,BH CRU,000-BCV-591,2460693.11638,9.663,0.015,False,Johnson V,CCD,PJAD,1.392,False
344,BH CRU,000-BCV-591,2460694.11472,9.660,0.008,False,Johnson V,CCD,PJAD,1.386,False
345,BH Cru,000-BCV-591,2460694.26617,9.709,0.006,False,Johnson V,CCD,MSD,1.2091,False
346,BH CRU,000-BCV-591,2460695.11155,9.654,0.007,False,Johnson V,CCD,PJAD,1.388,False
347,BH Cru,000-BCV-591,2460697.25292,14.746,0.026,False,Johnson B,CCD,MSD,1.0659,True
348,BH Cru,000-BCV-591,2460697.25751,9.719,0.006,False,Johnson V,CCD,MSD,1.0636,True
349,BH CRU,000-BCV-591,2460703.16242,14.616,0.016,False,Johnson B,CCD,MSD,1.527,True
350,BH Cru,000-BCV-591,2460703.16242,14.478,0.017,False,Johnson B,CCD,MSD,1.5277,True
351,BH Cru,000-BCV-591,2460703.17174,9.557,0.005,False,Johnson V,CCD,MSD,1.4767,True
352,BH Cru,000-BCV-591,2460703.17174,9.463,0.006,False,Johnson V,CCD,MSD,1.4767,True
353,BH Cru,000-BCV-591,2460704.2503,14.459,0.014,False,Johnson B,CCD,MSD,1.0615,True
354,BH Cru,000-BCV-591,2460704.25487,9.439,0.004,False,Johnson V,CCD,MSD,1.061,True
355,BH Cru,000-BCV-591,2460705.15558,14.501,0.019,False,Johnson B,CCD,MSD,1.5366,True
356,BH Cru,000-BCV-591,2460705.1649,9.456,0.006,False,Johnson V,CCD,MSD,1.4848,True
357,BH Cru,000-BCV-591,2460708.25296,14.285,0.02,False,Johnson B,CCD,MSD,1.0617,True
358,BH Cru,000-BCV-591,2460708.25748,9.332,0.005,False,Johnson V,CCD,MSD,1.0626,True
359,BH Cru,000-BCV-591,2460708.3067,14.446,0.015,False,Johnson B,CCD,MSD,1.1034,True
360,BH Cru,000-BCV-591,2460708.31603,9.407,0.006,False,Johnson V,CCD,MSD,1.1005,True
361,BH Cru,000-BCV-591,2460710.22046,14.511,0.014,False,Johnson B,CCD,MSD,1.2129,True
362,BH Cru,000-BCV-591,2460710.22979,9.491,0.005,False,Johnson V,CCD,MSD,1.1922,True
363,BH Cru,000-BCV-591,2460711.23075,14.219,0.015,False,Johnson B,CCD,MSD,1.0615,True
364,BH Cru,000-BCV-591,2460711.23536,9.443,0.005,False,Johnson V,CCD,MSD,1.061,True
365,BH Cru,000-BCV-591,2460712.23894,14.349,0.025,False,Johnson B,CCD,MSD,1.0615,True
366,BH Cru,000-BCV-591,2460712.24348,9.392,0.007,False,Johnson V,CCD,MSD,1.0621,True
367,BH Cru,000-BCV-591,2460713.17773,14.457,0.016,False,Johnson B,CCD,MSD,1.3203,True
368,BH Cru,000-BCV-591,2460713.18705,9.458,0.005,False,Johnson V,CCD,MSD,1.2888,True
369,BH CRU,000-BCV-591,2460714.14022,9.450,0.010,False,Johnson V,CCD,PJAD,1.137,False
370,BH Cru,000-BCV-591,2460717.22722,14.324,0.014,False,Johnson B,CCD,MSD,1.0617,True
371,BH Cru,000-BCV-591,2460717.23176,9.35,0.004,False,Johnson V,CCD,MSD,1.0625,True
372,BH Cru,000-BCV-591,2460718.2375,14.325,0.017,False,Johnson B,CCD,MSD,1.0649,True
373,BH Cru,000-BCV-591,2460718.24204,9.262,0.004,False,Johnson V,CCD,MSD,1.0671,True
374,BH Cru,000-BCV-591,2460721.21971,14.183,0.055,False,Johnson B,CCD,MSD,1.0622,True
375,BH Cru,000-BCV-591,2460721.22422,9.251,0.009,False,Johnson V,CCD,MSD,1.0634,True
376,BH Cru,000-BCV-591,2460726.20682,14.038,0.013,False,Johnson B,CCD,MSD,1.0624,True
377,BH Cru,000-BCV-591,2460726.21137,9.113,0.004,False,Johnson V,CCD,MSD,1.0636,True
378,BH Cru,000-BCV-591,2460727.20891,14.005,0.012,False,Johnson B,CCD,MSD,1.0636,True
379,BH Cru,000-BCV-591,2460728.19574,13.846,0.039,False,Johnson B,CCD,MSD,1.0614,True
380,BH Cru,000-BCV-591,2460728.20104,9.187,0.011,False,Johnson V,CCD,MSD,1.0622,True
381,BH Cru,000-BCV-591,2460730.18986,13.89,0.012,False,Johnson B,CCD,MSD,1.0614,True
382,BH Cru,000-BCV-591,2460730.19441,9.02,0.004,False,Johnson V,CCD,MSD,1.062,True
383,BH Cru,000-BCV-591,2460730.26787,13.892,0.012,False,Johnson B,CCD,MSD,1.1006,True
384,BH Cru,000-BCV-591,2460730.27748,9.111,0.005,False,Johnson V,CCD,MSD,1.1019,True
385,BH Cru,000-BCV-591,2460730.29069,13.906,0.012,False,Johnson B,CCD,MSD,1.1095,True
386,BH Cru,000-BCV-591,2460730.30005,9.119,0.005,False,Johnson V,CCD,MSD,1.1152,True
387,BH Cru,000-BCV-591,2460731.20146,13.826,0.012,False,Johnson B,CCD,MSD,1.0647,True
388,BH Cru,000-BCV-591,2460731.20593,9.044,0.004,False,Johnson V,CCD,MSD,1.0667,True
389,BH Cru,000-BCV-591,2460735.1769,13.172,0.009,False,Johnson B,CCD,MSD,1.0613,True
390,BH Cru,000-BCV-591,2460735.18153,8.878,0.004,False,Johnson V,CCD,MSD,1.0617,True
391,BH Cru,000-BCV-591,2460738.15911,13.562,0.01,False,Johnson B,CCD,MSD,1.0613,True
392,BH Cru,000-BCV-591,2460739.27735,13.495,0.009,False,Johnson B,CCD,MSD,1.207,True
393,BH Cru,000-BCV-591,2460740.16612,13.489,0.01,False,Johnson B,CCD,MSD,1.0618,True
394,BH Cru,000-BCV-591,2460740.17059,8.876,0.003,False,Johnson V,CCD,MSD,1.0628,True
395,BH Cru,000-BCV-591,2460740.28584,13.478,0.009,False,Johnson B,CCD,MSD,1.1302,True
396,BH Cru,000-BCV-591,2460740.29519,8.928,0.004,False,Johnson V,CCD,MSD,1.1404,True
397,BH Cru,000-BCV-591,2460742.15644,13.474,0.008,False,Johnson B,CCD,MSD,1.0613,False
398,BH Cru,000-BCV-591,2460743.15507,13.354,0.01,False,Johnson B,CCD,MSD,1.0615,True
399,BH Cru,000-BCV-591,2460743.15962,8.809,0.003,False,Johnson V,CCD,MSD,1.0622,True
400,BH Cru,000-BCV-591,2460748.28331,13.174,0.014,False,Johnson B,CCD,MSD,1.3056,True
401,BH Cru,000-BCV-591,2460748.28781,8.695,0.004,False,Johnson V,CCD,MSD,1.3255,True
402,BH Cru,000-BCV-591,2460749.17051,13.155,0.012,False,Johnson B,CCD,MSD,1.0748,True
403,BH Cru,000-BCV-591,2460751.24373,13.079,0.012,False,Johnson B,CCD,MSD,1.2046,True
404,BH Cru,000-BCV-591,2460751.24821,8.652,0.004,False,Johnson V,CCD,MSD,1.2187,True
405,BH Cru,000-BCV-591,2460752.12084,13.081,0.009,False,Johnson B,CCD,MSD,1.0614,True
406,BH Cru,000-BCV-591,2460753.1315,13.045,0.01,False,Johnson B,CCD,MSD,1.0621,True
407,BH Cru,000-BCV-591,2460753.13603,8.635,0.003,False,Johnson V,CCD,MSD,1.0631,True
408,BH Cru,000-BCV-591,2460754.17806,13.031,0.011,False,Johnson B,CCD,MSD,1.0953,True
409,BH CRU,000-BCV-591,2460754.18249,8.614,0.003,False,Johnson V,CCD,SAMA,1.101,True
410,BH Cru,000-BCV-591,2460754.18249,8.614,0.003,False,Johnson V,CCD,MSD,1.1016,True
411,BH Cru,000-BCV-591,2460756.1324,12.953,0.01,False,Johnson B,CCD,MSD,1.0645,True
412,BH Cru,000-BCV-591,2460756.1369,8.579,0.003,False,Johnson V,CCD,MSD,1.0664,True
413,BH Cru,000-BCV-591,2460757.10859,12.954,0.009,False,Johnson B,CCD,MSD,1.0613,True
414,BH Cru,000-BCV-591,2460757.11311,8.698,0.004,False,Johnson V,CCD,MSD,1.0611,True
415,BH Cru,000-BCV-591,2460759.1113,12.859,0.009,False,Johnson B,CCD,MSD,1.0613,True
416,BH Cru,000-BCV-591,2460759.11587,8.568,0.004,False,Johnson V,CCD,MSD,1.0617,True
417,BH Cru,000-BCV-591,2460760.20236,12.816,0.005,False,Johnson B,CCD,MSD,1.1637,True
418,BH Cru,000-BCV-591,2460760.20691,8.511,0.002,False,Johnson V,CCD,MSD,1.1753,True
419,BH Cru,000-BCV-591,2460761.11506,12.799,0.004,False,Johnson B,CCD,MSD,1.0633,True
420,BH Cru,000-BCV-591,2460761.11954,8.529,0.002,False,Johnson V,CCD,MSD,1.0649,True
421,BH Cru,000-BCV-591,2460761.15498,12.813,0.004,False,Johnson B,CCD,MSD,1.1065,True
422,BH Cru,000-BCV-591,2460761.16429,8.508,0.002,False,Johnson V,CCD,MSD,1.1023,True
423,BH Cru,000-BCV-591,2460762.10372,12.77,0.005,False,Johnson B,CCD,MSD,1.0615,True
424,BH Cru,000-BCV-591,2460762.10828,8.504,0.002,False,Johnson V,CCD,MSD,1.0622,True
425,BH Cru,000-BCV-591,2460763.15847,12.752,0.008,False,Johnson B,CCD,MSD,1.1028,True
426,BH Cru,000-BCV-591,2460763.16781,8.485,0.004,False,Johnson V,CCD,MSD,1.1003,True
427,BH Cru,000-BCV-591,2460766.10287,12.665,0.008,False,Johnson B,CCD,MSD,1.0637,True
428,BH Cru,000-BCV-591,2460766.1074,8.469,0.003,False,Johnson V,CCD,MSD,1.0655,True
429,BH Cru,000-BCV-591,2460767.09554,12.647,0.009,False,Johnson B,CCD,MSD,1.0623,True
430,BH Cru,000-BCV-591,2460767.10001,8.417,0.003,False,Johnson V,CCD,MSD,1.0636,True
431,BH Cru,000-BCV-591,2460768.16648,12.627,0.009,False,Johnson B,CCD,MSD,1.1358,True
432,BH Cru,000-BCV-591,2460768.17103,8.51,0.004,False,Johnson V,CCD,MSD,1.1455,True
433,BH Cru,000-BCV-591,2460788.03251,12.267,0.007,False,Johnson B,CCD,MSD,1.0614,True
434,BH Cru,000-BCV-591,2460788.03697,8.276,0.003,False,Johnson V,CCD,MSD,1.0621,True
435,BH Cru,000-BCV-591,2460793.1586,12.243,0.013,False,Johnson B,CCD,MSD,1.2987,True
436,BH Cru,000-BCV-591,2460793.163102,8.265,0.005,False,Johnson V,CCD,MSD,1.3182,True
437,BH Cru,000-BCV-591,2460795.013877,12.19,0.015,False,Johnson B,CCD,MSD,1.0615,True
438,BH Cru,000-BCV-591,2460795.018287,8.601,0.011,False,Johnson V,CCD,MSD,1.0623,True
439,BH Cru,000-BCV-591,2460796.079398,12.215,0.009,False,Johnson B,CCD,MSD,1.1175,True
440,BH Cru,000-BCV-591,2460796.083924,8.203,0.003,False,Johnson V,CCD,MSD,1.1258,True
441,BH CRU,000-BCV-591,2460832.354641,8.358,0.029,False,Johnson V,CCD,GMIO,,True
442,BH CRU,000-BCV-591,2460832.355544,12.117,0.043,False,Johnson B,CCD,GMIO,,True
443,BH CRU,000-BCV-591,2460845.922581,8.193,0.021,False,Johnson V,CCD,GMIO,1.211,False
444,BH CRU,000-BCV-591,2460846.873403,11.916,0.007,False,Johnson B,CCD,MSD,1.061,True
445,BH CRU,000-BCV-591,2460846.877882,8.043,0.003,False,Johnson V,CCD,MSD,1.062,True
446,BH CRU,000-BCV-591,2460851.864826,11.873,0.008,False,Johnson B,CCD,MSD,1.062,True
447,BH CRU,000-BCV-591,2460855.861725,11.794,0.007,False,Johnson B,CCD,MSD,1.065,True
448,BH CRU,000-BCV-591,2460855.866181,7.954,0.003,False,Johnson V,CCD,MSD,1.067,True
449,BH CRU,000-BCV-591,2460856.854630,11.782,0.007,False,Johnson B,CCD,MSD,1.063,True
450,BH CRU,000-BCV-591,2460856.859074,7.968,0.003,False,Johnson V,CCD,MSD,1.065,True
